id,by
1,København
2,Frederiksberg
3,Dragør
4,Tårnby
5,Albertslund
6,Ballerup
7,Brøndby
8,Gentofte
9,Gladsaxe
10,Glostrup
11,Herlev
12,Hvidovre
13,Høje-Taastrup
14,Ishøj
15,Lyngby-Taarbæk
16,Rødovre
17,Vallensbæk
18,Allerød
19,Egedal
20,Fredensborg
21,Frederikssund
22,Furesø
23,Gribskov
24,Halsnæs
25,Helsingør
26,Hillerød
27,Hørsholm
28,Rudersdal
29,Bornholm
30,Christiansø
31,Greve
32,Køge
33,Lejre
34,Roskilde
35,Solrød
36,Faxe
37,Guldborgsund
38,Holbæk
39,Kalundborg
40,Lolland
41,Næstved
42,Odsherred
43,Ringsted
44,Slagelse
45,Sorø
46,Stevns
47,Vordingborg
48,Assens
49,Faaborg-Midtfyn
50,Kerteminde
51,Langeland
52,Middelfart
53,Nordfyns
54,Nyborg
55,Odense
56,Svendborg
57,Ærø
58,Billund
59,Esbjerg
60,Fanø
61,Fredericia
62,Haderslev
63,Kolding
64,Sønderborg
65,Tønder
66,Varde
67,Vejen
68,Vejle
69,Aabenraa
70,Favrskov
71,Hedensted
72,Horsens
73,Norddjurs
74,Odder
75,Randers
76,Samsø
77,Silkeborg
78,Skanderborg
79,Syddjurs
80,Aarhus
81,Herning
82,Holstebro
83,Ikast-Brande
84,Lemvig
85,Ringkøbing-Skjern
86,Skive
87,Struer
88,Viborg
89,Brønderslev
90,Frederikshavn
91,Hjørring
92,Jammerbugt
93,Læsø
94,Mariagerfjord
95,Morsø
96,Rebild
97,Thisted
98,Vesthimmerlands
99,Aalborg